lnchprg,enroll,staff,expend,salary,benefits,droprate,gradrate,math10,sci11,totcomp,ltotcomp,lexpend,lenroll,lstaff,bensal,lsalary
1.399999976,1862,112.5999985,5765,37498,7420,2.900000095,89.19999695,56.40000153,67.90000153,44918,10.71259403,8.659560204,7.529406548,4.723841667,0.197877213,10.5320425
2.299999952,11355,101.1999969,6601,48722,10370,1.299999952,91.40000153,42.70000076,65.30000305,59092,10.98685074,8.794976234,9.337413788,4.617098808,0.212840199,10.79388618
2.700000048,7685,114,6834,44541,7313,3.5,91.40000153,43.79999924,54.29999924,51854,10.85618782,8.829665184,8.947025299,4.736198425,0.164185807,10.70416546
3.400000095,1148,85.40000153,3586,31566,5989,3.599999905,86.59999847,25.29999924,60,37555,10.53356171,8.184792519,7.045776367,4.44734621,0.189729452,10.35983562
3.400000095,1572,96.09999847,3847,29781,5545,0,100,15.30000019,65.80000305,35326,10.47237492,8.255048752,7.360104084,4.565389156,0.186192542,10.30162621
3.400000095,2496,101.0999985,5070,36801,5895,2.700000048,89.19999695,46,60.5,42696,10.66186047,8.531096458,7.822444916,4.616110325,0.160185859,10.51327991
3.599999905,3358,87.59999847,4474,37863,6934,1.399999976,95.09999847,33.59999847,67.40000153,44797,10.70989609,8.406038284,8.119100571,4.472781181,0.18313393,10.54172993
3.599999905,11983,96,5159,40133,8085,2.5,87.80000305,40.09999847,69.40000153,48218,10.78348732,8.548498154,9.391243935,4.564348221,0.201455161,10.59995461
4.199999809,3499,102.8000031,5012,36451,7253,1.799999952,93.19999695,42.09999847,71.69999695,43704,10.68519497,8.519590378,8.160232544,4.63278532,0.198979452,10.5037241
4.199999809,5095,145,6501,33449,7386,1.899999976,92.09999847,39.79999924,55,40835,10.61729527,8.779711723,8.536014557,4.976733685,0.220813781,10.41777706
4.5,16793,106.9000015,5938,40859,8754,3,88.19999695,30.79999924,58.09999847,49613,10.8120079,8.689127922,9.728717804,4.671893597,0.214249,10.61788273
4.5,984,100.9000015,5987,42785,9279,5.599999905,79.30000305,14.60000038,74.59999847,52064,10.86022854,8.697345734,6.891625881,4.61413002,0.216875076,10.66394329
5.099999905,1116,107.0999985,4843,34085,5907,0.600000024,97.5,51.09999847,48.59999847,39992,10.59643459,8.485289574,7.017506123,4.673762798,0.17330204,10.43661308
5.5,4156,101.1999969,4255,29700,5295,5.300000191,79.69999695,29.20000076,55,34995,10.46296024,8.35585022,8.332308769,4.617098808,0.178282827,10.29890251
5.5,4046,99.90000153,5332,47436,3,0.200000003,98.40000153,49.70000076,62,47439,10.76719952,8.581481934,8.305483818,4.604169846,6.32E-05,10.76713657
5.599999905,10695,125.8000031,6806,40304,7309,1.100000024,89.80000305,42.59999847,53.09999847,47613,10.77086067,8.825559616,9.277531624,4.834693432,0.181346759,10.60420609
5.800000191,3117,122.8000031,6169,38873,6265,2.400000095,90.69999695,35,54.09999847,45138,10.71747971,8.727292061,8.044626236,4.810556889,0.161165848,10.56805515
6.099999905,2168,108.4000015,5235,35536,6555,4.099999905,84.69999695,35.90000153,45.40000153,42091,10.64758968,8.563121796,7.681560516,4.685828209,0.184460834,10.478302
6.199999809,2317,80.30000305,4196,37350,6987,1.600000024,93.80000305,17.79999924,44.5,44337,10.69957447,8.34188652,7.748028755,4.385769844,0.187068269,10.52808857
6.199999809,1391,109.3000031,4854,31076,6434,23.39999962,90,25.5,74.40000153,37510,10.53236294,8.487558365,7.237778187,4.694096565,0.207040802,10.34419155
6.300000191,3691,82.69999695,4088,35538,6408,1.399999976,94.09999847,33.20000076,69.19999695,41946,10.64413834,8.315811157,8.213652611,4.415219784,0.180314034,10.47835827
6.300000191,1673,103,4497,31271,6668,5.099999905,81.09999847,39.59999847,67.19999695,37939,10.54373455,8.411166191,7.422373772,4.634728909,0.213232711,10.3504467
6.699999809,2671,84.19999695,4141,35547,6430,0.400000006,98.19999695,30.29999924,57.09999847,41977,10.64487743,8.328692436,7.890208244,4.433195114,0.180887282,10.47861099
6.800000191,650,97.59999847,4403,34194,6833,0,100,54.79999924,72.80000305,41027,10.62198544,8.390041351,6.47697258,4.580877304,0.199830383,10.43980503
6.900000095,2119,89.19999695,4018,33345,6373,3.099999905,87.19999695,62.40000153,66.69999695,39718,10.58955956,8.298539162,7.658699512,4.490880966,0.191123113,10.41466331
7.800000191,1002,110.8000031,3943,25453,5246,2.799999952,89,29.70000076,56.5,30699,10.33198547,8.279697418,6.909753323,4.707726955,0.206105366,10.14458847
7.800000191,2549,84.59999847,4677,41451,7637,5,82.69999695,36.90000153,56.70000076,49088,10.80136967,8.450411797,7.843456268,4.437934399,0.184241638,10.632267
8,5805,98.90000153,4357,33234,5548,2.200000048,89.80000305,22.39999962,57.90000153,38782,10.56571198,8.37953949,8.666475296,4.594109058,0.16693747,10.41132832
8,2822,91.30000305,4955,36954,11545,8.600000381,72.69999695,23.89999962,50.90000153,48499,10.78929806,8.508152008,7.94520092,4.51415062,0.312415421,10.51742935
8.100000381,5491,98.40000153,4526,34499,7398,8,73.80000305,39.20000076,45,41897,10.64296913,8.417593956,8.610865593,4.589040756,0.214441001,10.44868565
8.199999809,2331,120.5,6618,37519,8973,1.399999976,100,22.89999962,57.09999847,46492,10.74703598,8.797548294,7.754052639,4.791649818,0.239158824,10.53260231
8.300000191,4725,95.69999695,5195,39481,8348,5,87.30000305,27.79999924,64.59999847,47829,10.77538776,8.555452347,8.460622787,4.561218262,0.211443484,10.58357525
8.399999619,2629,102.5,4684,33867,6924,3.200000048,94.69999695,36.90000153,67.09999847,40791,10.61621666,8.451908112,7.874358654,4.629862785,0.204446808,10.43019676
8.399999619,2475,119,5516,34520,5671,0.200000003,98.90000153,37.29999924,58.40000153,40191,10.60139847,8.615407944,7.813995838,4.779123306,0.164281577,10.44929409
8.5,1278,94.5,3675,27955,6073,1,94.59999847,21.29999924,65.5,34028,10.43493938,8.209308624,7.153051853,4.54859972,0.217242002,10.23835182
8.600000381,8016,95.40000153,4635,36461,6841,0.300000012,98.59999847,48.70000076,57,43302,10.67595387,8.441391945,8.98919487,4.558078766,0.18762514,10.50399876
8.699999809,913,95.19999695,4006,31204,5277,3.200000048,87.40000153,34.20000076,45.79999924,36481,10.50454712,8.295548439,6.816735744,4.555979729,0.169112936,10.34830189
8.800000191,891,93.69999695,4291,34105,6387,0.800000012,88.5,32.79999924,51,40492,10.60886002,8.364274979,6.79234457,4.54009819,0.18727459,10.43719959
8.800000191,5125,102.8000031,4759,34315,6892,7.099999905,82.80000305,33.20000076,39.40000153,41207,10.62636375,8.467792511,8.541885376,4.63278532,0.200845107,10.44333744
9,3263,101.6999969,3901,28948,5262,4.400000095,82.69999695,31.70000076,58.29999924,34210,10.44027328,8.268988609,8.090402603,4.622027397,0.181774214,10.2732563
9.100000381,444,111.3000031,4288,26682,4346,2.5,89.40000153,20,44,31028,10.34264565,8.363575935,6.095824718,4.712229252,0.162881345,10.1917448
9.100000381,10591,107,5794,39982,7680,0.699999988,92.59999847,28,39.90000153,47662,10.77188969,8.664578438,9.267760277,4.672828674,0.192086443,10.59618473
9.199999809,13684,96.09999847,6838,52812,10706,4.400000095,80.59999847,23.39999962,65.40000153,63518,11.05907822,8.83025074,9.523983002,4.565389156,0.202719077,10.8744936
9.300000191,5926,107.8000031,4037,28053,5076,61.90000153,80,42.90000153,69.90000153,33129,10.40816402,8.303256989,8.687105179,4.680277824,0.180943221,10.24185085
9.300000191,2100,103,5115,37112,7451,3.200000048,83.80000305,16.79999924,71,44563,10.70465946,8.539932251,7.649692535,4.634728909,0.200770646,10.52169609
9.399999619,669,105,4249,36183,0,0,100,30.89999962,47.70000076,36183,10.49634457,8.354438782,6.505784035,4.653960228,0,10.49634457
9.5,1789,83.19999695,4308,36622,8429,4.300000191,79.40000153,16.20000076,40.40000153,45051,10.71555042,8.368228912,7.489412308,4.421247482,0.230162203,10.50840473
9.5,2674,89.59999847,5562,45358,9871,3.299999952,94,23.60000038,49.59999847,55229,10.91924381,8.623713493,7.891330719,4.495355129,0.217624232,10.72234154
9.600000381,2405,99.40000153,4353,33341,6605,3.900000095,87.19999695,18.10000038,60.40000153,39946,10.59528351,8.378620148,7.785305023,4.599152088,0.198104441,10.41454315
9.600000381,891,150.1000061,6810,32197,6281,3.5,87.5,30.5,61.79999924,38478,10.55784225,8.826147079,6.79234457,5.011301994,0.19508028,10.37962818
9.699999809,2933,89.09999847,3561,29504,5488,11.80000019,72,28.10000038,51.20000076,34992,10.46287441,8.177796364,7.983780861,4.489759445,0.186008677,10.29228115
9.699999809,1617,104.4000015,3927,27192,4953,1.799999952,93.40000153,25.5,51.29999924,32145,10.37801266,8.275630951,7.388328075,4.648229599,0.182149157,10.2106781
9.699999809,3341,95.59999847,4806,35247,8736,8.5,81.5,35.09999847,71.09999847,43983,10.69155884,8.477620125,8.114025116,4.560173035,0.24785088,10.47013569
9.699999809,4132,80.09999847,5461,48782,11618,1.100000024,94.80000305,47.70000076,58.79999924,60400,11.00874424,8.605386734,8.326517105,4.383275986,0.238161623,10.79511642
9.800000191,4077,83.40000153,3930,36440,7152,1.399999976,101.3000031,26.79999924,54.40000153,43592,10.68262863,8.276394844,8.313117027,4.423648357,0.196267843,10.50342274
9.899999619,4776,94.90000153,4453,34863,7764,2.299999952,91.09999847,26.79999924,51.29999924,42627,10.66024303,8.401332855,8.471358299,4.552823544,0.222700283,10.45918179
10.19999981,734,85.80000305,4158,34491,6178,1.100000024,95.69999695,25.5,54.70000076,40669,10.61322117,8.332789421,6.598508835,4.452019215,0.179119185,10.4484539
10.19999981,4242,81.40000153,5054,45447,10017,3.200000048,87.19999695,32.20000076,58.09999847,55464,10.92348957,8.527935028,8.352789879,4.399375439,0.220410585,10.72430229
10.30000019,3299,68.90000153,3332,36045,6484,0.100000001,101.5,36.59999847,71.09999847,42529,10.65794182,8.111328125,8.101374626,4.232656002,0.179886252,10.49252319
10.30000019,511,104.6999969,4700,33949,6559,1.600000024,97.69999695,37.79999924,52.79999924,40508,10.60925484,8.455317497,6.23636961,4.651099205,0.193201572,10.43261433
10.39999962,10571,81,4333,39643,8234,1.200000048,95.30000305,23.39999962,42.59999847,47877,10.77639008,8.374015808,9.265870094,4.394449234,0.207703754,10.58766937
10.5,1837,95,5350,40188,7982,1.899999976,89.59999847,31.29999924,42.20000076,48170,10.78249168,8.584852219,7.515889168,4.553876877,0.198616505,10.60132408
10.60000038,3003,108.4000015,4513,29773,8060,5.5,81.90000153,12.69999981,47.79999924,37833,10.54093742,8.414717674,8.007367134,4.685828209,0.270715088,10.30135727
10.60000038,3233,95.90000153,5622,41122,8913,2.400000095,90.40000153,20.39999962,63.29999924,50035,10.82047844,8.634442329,8.081165314,4.563305855,0.216745287,10.6242981
10.69999981,2718,82.59999847,3495,32759,5749,0.699999988,96.30000305,33.29999924,47,38508,10.55862141,8.159089088,7.907651424,4.414009571,0.175493762,10.3969326
10.69999981,3003,123.9000015,5987,34410,8602,1,95.40000153,20.70000076,50.5,43012,10.66923428,8.697345734,8.007367134,4.819474697,0.249985471,10.44610214
10.80000019,4528,81.5,4007,35302,8796,1.600000024,94.09999847,19.70000076,60.90000153,44098,10.69417,8.295798302,8.418035507,4.400602818,0.249164358,10.47169495
11,2789,96.30000305,4747,35987,7223,2.200000048,91.69999695,25,37.5,43210,10.67382717,8.465268135,7.933438301,4.567468166,0.20071137,10.49091339
11.10000038,2625,94.69999695,4849,38399,6853,2.900000095,92.69999695,24.29999924,53.79999924,45252,10.72000217,8.486527443,7.872836113,4.550714016,0.178468183,10.55578709
11.10000038,3268,122.5999985,6539,37911,9491,4.699999809,92.40000153,32.5,63.29999924,47402,10.76641941,8.785539627,8.09193325,4.808927059,0.250349492,10.54299641
11.19999981,1767,92.09999847,5026,37600,8619,1.700000048,94,25.79999924,61.79999924,46219,10.74114609,8.522379875,7.477038383,4.522874832,0.22922872,10.53475952
11.39999962,5005,95.80000305,4575,36170,7653,0.899999976,94.90000153,29.79999924,52.90000153,43823,10.68791389,8.428361893,8.518192291,4.562262535,0.211584181,10.49598503
11.69999981,1135,103.3000031,4306,30977,5684,4.099999905,84.40000153,16,65.69999695,36661,10.50946903,8.367764473,7.034388065,4.637637615,0.183490977,10.34100056
11.69999981,3427,97.5,4401,34143,6032,2.400000095,81.90000153,38.79999924,52.09999847,40175,10.60099983,8.389587402,8.139440536,4.579852581,0.176668718,10.43831253
11.89999962,2504,94.19999695,4142,32191,5972,2.5,87.80000305,23.60000038,34.90000153,38163,10.54962158,8.328933716,7.82564497,4.54542017,0.185517699,10.37944221
11.89999962,1882,106.5,4521,30604,5950,1.5,102.8000031,23.70000076,36.79999924,36554,10.50654602,8.416488647,7.540090084,4.66814518,0.194419026,10.32888603
12,2054,93.90000153,3804,29280,5659,4.5,80.90000153,18.89999962,52.5,34939,10.46135902,8.243808746,7.627544403,4.542230606,0.19327186,10.28466034
12,3707,97.90000153,4117,31687,4619,2.900000095,89.30000305,31.60000038,50.29999924,36306,10.49973869,8.322879791,8.217978477,4.583946705,0.145769551,10.36366177
12,2963,91.30000305,4527,34700,7032,7.099999905,74.59999847,33.29999924,67.90000153,41732,10.63902378,8.417815208,7.99395752,4.51415062,0.202651292,10.45449543
12.30000019,3210,103.3000031,4256,32041,5454,3.799999952,85.5,23.29999924,53.20000076,37495,10.53196239,8.356084824,8.074026108,4.637637615,0.170219406,10.37477207
12.39999962,760,108.0999985,4200,28166,5447,0.5,97.90000153,25.39999962,62.90000153,33613,10.42266846,8.342840195,6.633318424,4.683056831,0.193389192,10.24587059
12.5,7653,114.5999985,7034,45252,9451,5.199999809,81.30000305,29.60000038,52.59999847,54703,10.90967369,8.858510971,8.942852974,4.741447926,0.208852649,10.72000217
12.60000038,1039,95.19999695,4133,32029,7284,1.399999976,94.80000305,13.5,54,39313,10.57931042,8.326758385,6.946013927,4.555979729,0.2274189,10.37439728
12.60000038,3084,93.40000153,4252,34045,6831,4,84.19999695,24.10000038,57.59999847,40876,10.61829853,8.355144501,8.033982277,4.53689146,0.200646207,10.43543816
12.89999962,2656,112.6999969,4162,27561,4819,0.600000024,97.30000305,24.29999924,53.70000076,32380,10.38529587,8.333750725,7.884576321,4.724729538,0.174848512,10.22415733
13.10000038,1860,92.30000305,3865,32436,5681,4.5,82.90000153,14.80000019,48.90000153,38117,10.54841518,8.259716988,7.528331757,4.525043964,0.175144896,10.38702393
13.10000038,808,88,4326,34730,7508,22,85,29.79999924,49.40000153,42238,10.65107536,8.372398376,6.694561958,4.477336884,0.216181979,10.45535946
13.10000038,4704,118,4373,28149,4244,5.800000191,77.69999695,18.70000076,43.09999847,32393,10.38569736,8.38320446,8.456168175,4.770684719,0.150769114,10.24526691
13.10000038,4521,99.30000305,5793,43840,8648,4.699999809,83.5,25.89999962,54.70000076,52488,10.86833954,8.664405823,8.416488647,4.598145485,0.197262779,10.68830204
13.19999981,2423,100.6999969,4385,31731,6265,2.700000048,89.19999695,32.90000153,59.09999847,37996,10.54523659,8.38594532,7.792761803,4.612145901,0.197440982,10.36504936
13.30000019,2774,91.30000305,4475,30860,8435,1.399999976,86.30000305,37.20000076,41.20000076,39295,10.57885265,8.406261444,7.92804575,4.51415062,0.273331165,10.33721638
13.39999962,4903,85.69999695,4016,35770,6927,1.200000048,95.30000305,23.60000038,50.90000153,42697,10.66188431,8.298041344,8.497602463,4.450852871,0.193653896,10.48486519
13.69999981,4941,91.80000305,3788,31261,6159,4.900000095,80.90000153,16.29999924,51.40000153,37420,10.52996063,8.239593506,8.50532341,4.519612312,0.197018653,10.35012627
13.69999981,4913,108.0999985,5438,36416,8170,6.099999905,76.90000153,25.5,53.79999924,44586,10.7051754,8.601166725,8.499640465,4.683056831,0.224351928,10.50276375
14,4305,89.90000153,4433,37855,8009,1.600000024,93.5,12.39999962,52.90000153,45864,10.73343563,8.396831512,8.36753273,4.498697758,0.211570472,10.54151821
14.10000038,3376,90.59999847,4244,34768,6635,1,96.5,31,55.59999847,41403,10.63110828,8.353261948,8.124446869,4.506453991,0.1908364,10.45645237
14.10000038,682,110.3000031,4287,27372,4893,1.700000048,88.69999695,30.20000076,60.29999924,32265,10.38173866,8.363342285,6.525029659,4.703204155,0.178759322,10.21727562
14.19999981,1824,96.90000153,5044,39102,6781,0.600000024,97.40000153,40.09999847,55.5,45883,10.73384953,8.525954247,7.508787155,4.573679447,0.173418239,10.57392883
14.30000019,1663,93.80000305,4033,31964,5555,2.599999905,89.19999695,27.60000038,48.79999924,37519,10.53260231,8.302266121,7.416378498,4.541164875,0.173789263,10.37236595
14.39999962,1480,101.3000031,3698,26779,5054,2.099999905,94.40000153,30.5,54.29999924,31833,10.36825848,8.215547562,7.299797535,4.618086338,0.188729972,10.19537354
14.39999962,1844,102.5,3910,27930,4956,0.800000012,96.5,21.10000038,41.20000076,32886,10.40080261,8.271292686,7.519692421,4.629862785,0.177443609,10.23745632
14.39999962,2221,113.5,4910,31839,6078,8.399999619,69.90000153,14.5,35,37917,10.54315472,8.49902916,7.705712795,4.73180294,0.190897956,10.3684473
14.69999981,2064,106.3000031,3945,27519,4627,8,76.69999695,20.5,74.5,32146,10.37804317,8.280203819,7.63240099,4.666265488,0.16813837,10.22263241
14.69999981,3434,99.90000153,4197,31407,6018,0,100,32.20000076,52.59999847,37425,10.53009415,8.342124939,8.1414814,4.604169846,0.191613331,10.35478592
14.80000019,1647,99.90000153,3710,27444,5156,6.699999809,75.40000153,21.5,50.70000076,32600,10.39206791,8.218787193,7.406710625,4.604169846,0.187873483,10.21990299
14.80000019,2670,100.8000031,3977,28877,5766,1.899999976,92.80000305,24.5,58.20000076,34643,10.4528513,8.288283348,7.889833927,4.613138199,0.199674487,10.27080059
14.80000019,5759,103.5999985,4952,35558,7394,3.299999952,84.90000153,30.70000076,48.40000153,42952,10.6678381,8.507546425,8.658518791,4.640537262,0.207941949,10.47891998
14.89999962,8201,93.30000305,5383,42811,8499,2.599999905,90.40000153,27.20000076,44.70000076,51310,10.84564114,8.591001511,9.012011528,4.535820007,0.198523745,10.66455078
15,3087,93.90000153,4139,32434,6834,6.699999809,76.90000153,24.79999924,48.70000076,39268,10.57816505,8.328209877,8.034955025,4.542230606,0.210704818,10.38696289
15,1689,95.19999695,4186,32839,5724,8,72.69999695,24.79999924,61.40000153,38563,10.5600481,8.339500427,7.431891918,4.555979729,0.174304947,10.3993721
15.19999981,3626,96,4243,31543,6928,5.800000191,71.5,26.79999924,38.79999924,38471,10.5576601,8.353025436,8.195885658,4.564348221,0.219636694,10.35910702
15.19999981,3394,86.90000153,4366,36621,7605,3.799999952,87.59999847,18.29999924,67,44226,10.69706821,8.381602287,8.129764557,4.464757919,0.207667738,10.50837708
15.19999981,8777,114.6999969,5710,39440,6260,5.099999905,77.90000153,43.90000153,44.5,45700,10.72985363,8.649973869,9.079890251,4.742320061,0.158722103,10.58253574
15.30000019,4350,97.5,4500,34474,7904,6.099999905,80.09999847,17.89999962,42.90000153,42378,10.65438461,8.411832809,8.377931595,4.579852581,0.229274228,10.44796085
15.30000019,2170,95.69999695,5895,45158,9354,2,94.30000305,19,30.10000038,54512,10.90617657,8.68185997,7.682482243,4.561218262,0.207139373,10.71792316
15.69999981,946,102.5,4122,29757,6229,1.100000024,94.30000305,30.60000038,49.20000076,35986,10.49088478,8.324093819,6.85224247,4.629862785,0.209328905,10.3008194
15.89999962,899,111.8000031,4239,28032,5670,1.5,86.09999847,18.89999962,49.20000076,33702,10.42531204,8.352082253,6.801282883,4.716711521,0.202268839,10.24110222
16,2363,102.0999985,3905,29280,5535,3,89.19999695,25,45.90000153,34815,10.45780373,8.270012856,7.767687321,4.625952721,0.189036891,10.28466034
16,2553,98,4752,34471,6622,6.900000095,90.80000305,12.60000038,49.5,41093,10.62359333,8.466320992,7.845024586,4.584967613,0.192103505,10.44787407
16.20000076,3480,92.69999695,3893,29898,7158,1.899999976,78.90000153,14.39999962,51.90000153,37056,10.52018547,8.266935349,8.154788017,4.529368401,0.239414006,10.30554676
16.29999924,1766,86.69999695,3901,33501,6882,12.5,58.29999924,18.29999924,46.79999924,40383,10.60616398,8.268988609,7.476472378,4.462453842,0.205426708,10.4193306
16.29999924,4192,104.3000031,4206,29238,6402,12.10000038,58.90000153,26.60000038,44.09999847,35640,10.48122406,8.344266891,8.340932846,4.647271156,0.218961626,10.28322411
16.39999962,412,99.5,3786,27973,5076,14.39999962,41.20000076,12.5,50,33049,10.40574646,8.23906517,6.021023273,4.600157738,0.181460693,10.2389946
16.39999962,1480,89.19999695,3788,32159,6038,4.599999905,83.19999695,33.29999924,57.40000153,38197,10.55051231,8.239593506,7.299797535,4.490880966,0.187754601,10.37844753
16.39999962,1068,96.30000305,4250,31114,6115,3.599999905,83.90000153,29.29999924,51.90000153,37229,10.52484322,8.354674339,6.973543167,4.567468166,0.196535319,10.34541321
16.5,1168,82.59999847,3688,33179,6134,2.599999905,89.80000305,23.5,61.29999924,39313,10.57931042,8.212839127,7.063048363,4.414009571,0.18487598,10.40967274
16.70000076,894,94.69999695,3848,30131,5482,3.400000095,96.69999695,17.60000038,41.29999924,35613,10.48046589,8.255309105,6.795705795,4.550714016,0.181938872,10.31330967
16.79999924,666,104.3000031,4336,30979,6065,11.89999962,63.5,2.400000095,61.5,37044,10.51986122,8.374707222,6.501289845,4.647271156,0.195777789,10.34106445
16.89999962,964,101.3000031,3799,27929,5061,1.200000048,94.19999695,29.20000076,39.90000153,32990,10.40396023,8.242493629,6.871091366,4.618086338,0.18120949,10.23742104
17,4035,90.09999847,4282,34134,8138,1.600000024,92.5,19.70000076,33.79999924,42272,10.65188026,8.362175941,8.302762032,4.500920296,0.238413319,10.43804932
17.20000076,1122,104.3000031,4664,29925,9769,3.799999952,88.19999695,23,51,39694,10.58895493,8.447628975,7.022868156,4.647271156,0.326449454,10.30644989
17.29999924,1623,99.5,3694,26891,5070,19.39999962,33.5,33,36.70000076,31961,10.37227154,8.214465141,7.39203167,4.600157738,0.188538909,10.19954681
17.29999924,1491,95.90000153,4147,32021,6415,5.300000191,89.30000305,23.70000076,45,38436,10.55674934,8.330140114,7.307202339,4.563305855,0.200337276,10.37414742
17.29999924,1765,118.4000015,5847,35802,7984,11,62.5,15.39999962,59.20000076,43786,10.68706894,8.67368412,7.475905895,4.774068832,0.223004296,10.48575878
17.5,2195,80.09999847,3659,32798,7244,1.100000024,95.5,32.70000076,45.79999924,40042,10.59768391,8.204945564,7.693937302,4.383275986,0.220867127,10.39812279
17.79999924,880,83.80000305,4258,36780,6879,0.899999976,95.80000305,25,59,43659,10.684165,8.356554985,6.779922009,4.428432941,0.187031001,10.51270962
18,1655,96.69999695,3632,27905,5420,2.900000095,88.09999847,28.70000076,31.29999924,33325,10.41406345,8.197538376,7.411556244,4.571613312,0.194230422,10.23656082
18,3480,99,4278,29504,5524,2.5,86.40000153,11,51.09999847,35028,10.46390343,8.361241341,8.154788017,4.595119953,0.187228844,10.29228115
18.10000038,1327,105.3000031,5327,36803,8300,4,84.69999695,23.5,45.79999924,45103,10.71670437,8.580543518,7.190676212,4.656813622,0.225525096,10.51333427
18.29999924,1551,101.1999969,3933,28826,5462,3.5,86.90000153,26.79999924,61.09999847,34288,10.44255066,8.277157784,7.346655369,4.617098808,0.18948172,10.26903343
18.29999924,5344,104.0999985,4560,31908,6711,3.900000095,86.59999847,28.89999962,64.19999695,38619,10.5614996,8.425077438,8.583729744,4.645351887,0.210323423,10.37061214
18.39999962,1210,95.19999695,3730,28806,5903,3.900000095,85.19999695,15.89999962,40,34709,10.45475388,8.224163055,7.098375797,4.555979729,0.204922587,10.26833916
18.39999962,222,122.5,5365,32249,6275,11.30000019,61,53.79999924,39.59999847,38524,10.55903625,8.587651253,5.402677536,4.808111191,0.194579676,10.38124275
18.5,1165,104.6999969,4314,30871,3957,0.300000012,98.90000153,15.39999962,55.90000153,34828,10.45817661,8.369621277,7.060476303,4.651099205,0.128178552,10.3375721
18.5,1026,110.9000015,5394,34966,7329,4.099999905,84.69999695,39.70000076,53.29999924,42295,10.65242386,8.593042374,6.933423042,4.708629131,0.209603608,10.4621315
18.70000076,1601,92.40000153,4697,36350,8674,1.600000024,97.69999695,16.39999962,50,45024,10.71495056,8.454679489,7.378383636,4.526126862,0.238624483,10.50094986
18.70000076,594,123,5738,33763,6884,3.799999952,82.80000305,29.70000076,49,40647,10.61268044,8.654866219,6.386879444,4.812184334,0.203891829,10.42712116
18.89999962,2395,96.69999695,3725,28556,5473,2.799999952,88.5,23.39999962,59.29999924,34029,10.43496799,8.222822189,7.78113842,4.571613312,0.191658497,10.25962257
18.89999962,9044,83.30000305,4732,40030,7568,3,85.09999847,12.10000038,41,47598,10.77054596,8.46210289,9.109856606,4.422448635,0.1890582,10.59738445
19,1260,114.5999985,3571,22778,4368,5,85.19999695,10.80000019,65,27146,10.20898533,8.18060112,7.138866901,4.741447926,0.191763982,10.03355026
19,1242,109.5,3984,25676,5256,5.400000095,84.90000153,25.29999924,62,30932,10.3395462,8.290041924,7.12447834,4.695924759,0.204704776,10.15331173
19,5014,84.59999847,4054,33209,10417,0.800000012,96.69999695,34.70000076,71.09999847,43626,10.68340874,8.307458878,8.519989014,4.437934399,0.313680023,10.41057587
19,14570,142,6931,37133,6907,2.299999952,92.90000153,50.5,73.59999847,44040,10.69285393,8.843759537,9.586719513,4.955827236,0.186007053,10.52226162
19.10000038,7563,107.8000031,5106,34946,6732,3.299999952,86.59999847,42.70000076,48,41678,10.63772869,8.538171768,8.931023598,4.680277824,0.192640066,10.4615593
19.20000076,1564,95.30000305,3979,29347,6011,3.700000048,86.80000305,11.30000019,61,35358,10.47327995,8.288785934,7.355001926,4.557029724,0.204825029,10.28694534
19.20000076,10662,123.1999969,5031,32288,5174,6.099999905,76,21.70000076,46,37462,10.53108215,8.523373604,9.274441719,4.813808918,0.160245299,10.38245106
19.29999924,2295,90.90000153,4450,36097,4944,12.10000038,69.09999847,19.5,66.19999695,41041,10.62232685,8.400659561,7.738488197,4.509759903,0.136964291,10.49396515
19.39999962,3976,121.4000015,6180,39151,7532,3.599999905,86.40000153,50.20000076,46.29999924,46683,10.75113583,8.729073524,8.288031578,4.799090862,0.192383334,10.57518101
19.5,2832,86.40000153,3800,31593,6015,5.300000191,80.59999847,27.39999962,41.09999847,37608,10.53497219,8.24275589,7.948738575,4.458987713,0.190390274,10.36069107
19.60000038,2040,85.80000305,4288,34986,8664,2.900000095,89.59999847,23,42.90000153,43650,10.68395901,8.363575935,7.620705128,4.452019215,0.247641921,10.4627037
19.60000038,2865,114.6999969,5308,34461,6288,1.299999952,95.19999695,17.29999924,53.70000076,40749,10.61518669,8.5769701,7.960323811,4.742320061,0.182467133,10.4475832
19.70000076,2754,89.80000305,3667,29729,6132,4.300000191,83.5,27.60000038,56.40000153,35861,10.48740578,8.207129478,7.920809746,4.49758482,0.206263244,10.29987812
19.70000076,2602,81.69999695,4280,36881,7177,1,98,10.89999962,55.5,44058,10.6932621,8.361708641,7.864035606,4.403053761,0.194598839,10.51545143
19.79999924,2066,87.90000153,3866,31780,7243,0.5,98.80000305,42.5,53.79999924,39023,10.57190609,8.259975433,7.633369446,4.476199627,0.227910638,10.36659241
19.89999962,3044,95.90000153,4108,31778,6171,3.700000048,85.30000305,31.60000038,37.5,37949,10.54399872,8.320691109,8.020927429,4.563305855,0.194190949,10.36652946
20,2255,89,3799,31766,5646,4.300000191,84.40000153,23.89999962,60.70000076,37412,10.52974701,8.242493629,7.720905304,4.488636494,0.177737206,10.36615181
20,2580,96.69999695,4347,31204,6724,7.199999809,76,33.20000076,61.70000076,37928,10.54344463,8.377241135,7.855544567,4.571613312,0.2154852,10.34830189
20.10000038,2630,87.5,3782,32349,7467,1.299999952,95.09999847,25.29999924,61,39816,10.59202385,8.238008499,7.87473917,4.47163868,0.230826303,10.38433838
20.10000038,3461,95.09999847,3932,31773,6123,2.900000095,88.90000153,24,34.79999924,37896,10.54260063,8.276903152,8.149312973,4.55492878,0.192710787,10.36637211
20.10000038,2593,119.5,6947,42580,9196,2.099999905,90.19999695,22.60000038,50.59999847,51776,10.85468197,8.846065521,7.860570908,4.783316135,0.215969935,10.65913963
20.20000076,2428,85.59999847,3624,32489,6429,5.699999809,78.80000305,21.39999962,66.69999695,38918,10.56921196,8.195333481,7.79482317,4.449685097,0.197882354,10.38865662
20.20000076,740,115.9000015,4005,24887,5451,6.699999809,77.19999695,9.800000191,42.20000076,30338,10.3201561,8.295298576,6.606650352,4.752727985,0.219030023,10.12210083
20.29999924,1703,97.09999847,4012,29820,6696,1,96.30000305,37.5,42.59999847,36516,10.50550556,8.297044754,7.440146446,4.575741291,0.224547282,10.30293465
20.29999924,5046,104.8000031,4389,31147,5505,2.700000048,90.19999695,16.70000076,66.69999695,36652,10.50922298,8.386857033,8.526350975,4.652053833,0.176742539,10.34647274
20.39999962,1818,92,4078,32288,6592,5.099999905,82.30000305,21.70000076,40.79999924,38880,10.5682354,8.313362122,7.50549221,4.521788597,0.204162538,10.38245106
20.39999962,3830,96.09999847,4178,32138,7018,6.800000191,74.80000305,27.20000076,33.29999924,39156,10.5753088,8.33758831,8.250619888,4.565389156,0.21837078,10.37779427
20.39999962,1119,100.5,4382,30872,6449,9.699999809,69.30000305,10.39999962,51.20000076,37321,10.52731133,8.385260582,7.020190716,4.61015749,0.208894789,10.33760452
20.5,2102,99.40000153,4002,30472,5901,3,88.30000305,16,43.90000153,36373,10.50158215,8.294549942,7.650644779,4.599152088,0.193653196,10.32456398
20.60000038,1499,89.90000153,3703,30054,5845,2.299999952,90.59999847,22,55.79999924,35899,10.48846436,8.216898918,7.312553406,4.498697758,0.194483265,10.31075096
20.89999962,3016,94.5,3555,28426,5130,11.80000019,73.30000305,19.70000076,54.79999924,33556,10.42097092,8.176110268,8.011686325,4.54859972,0.180468589,10.25505924
20.89999962,4797,86.30000305,4533,39470,7502,5.599999905,81.09999847,21.79999924,51.59999847,46972,10.75730705,8.419138908,8.475746155,4.457829475,0.190068409,10.58329582
21.10000038,2840,95.90000153,3894,30825,4955,0.800000012,93.69999695,26.29999924,32.5,35780,10.48514462,8.267191887,7.951559544,4.563305855,0.160746142,10.3360815
21.29999924,7003,109.3000031,4196,29281,4932,2.900000095,89.90000153,14.80000019,39.5,34213,10.44036102,8.34188652,8.854093552,4.694096565,0.16843687,10.28469372
21.60000038,1750,91.5,3822,30753,5831,5.5,77.90000153,12.39999962,42.90000153,36584,10.50736618,8.248529434,7.467370987,4.516338825,0.189607516,10.3337431
21.60000038,3945,91.5,3872,31051,6155,7.599999905,71.5,28.39999962,43.29999924,37206,10.52422523,8.261526108,8.280203819,4.516338825,0.19822228,10.34338665
22,1712,91.5,3782,30477,6437,2.5,89.09999847,13.19999981,47.09999847,36914,10.51634598,8.238008499,7.445417404,4.516338825,0.211208448,10.32472801
22,1202,100.6999969,3989,28791,6499,7,94.09999847,25,68.80000305,35290,10.47135448,8.291296005,7.091742039,4.612145901,0.22573027,10.26781845
22.10000038,1305,93.59999847,3654,28684,4883,6.599999905,76.5,19.20000076,48,33567,10.42129898,8.203577995,7.173958302,4.539030552,0.170234278,10.26409435
22.10000038,2624,89.40000153,4248,34944,6456,5,82.30000305,20.60000038,46.5,41400,10.6310358,8.354203224,7.87245512,4.49312067,0.184752747,10.46150208
22.29999924,1438,86.19999695,3776,31243,5455,16.20000076,48.20000076,16.70000076,55.29999924,36698,10.51047707,8.236420631,7.271008492,4.456670284,0.174599111,10.34955025
22.29999924,4306,93,4188,32325,7471,0.5,96.69999695,27.10000038,53.79999924,39796,10.59152126,8.339978218,8.367764473,4.532599449,0.231121421,10.38359642
22.29999924,757,91.80000305,4552,34259,7339,1.5,93.30000305,42.29999924,40.09999847,41598,10.63580704,8.423321724,6.62936306,4.519612312,0.214221075,10.44170475
22.60000038,967,89.40000153,3616,28851,5279,26.89999962,77,36.79999924,52.5,34130,10.43793201,8.193123817,6.874198437,4.49312067,0.182974592,10.26990032
22.60000038,3959,95.09999847,4039,31903,7282,2.200000048,94.80000305,24,36.5,39185,10.57604885,8.303751945,8.283746719,4.55492878,0.228254393,10.37045574
22.70000076,943,99,4040,30668,6446,2.900000095,83.80000305,27.89999962,37.5,37114,10.5217495,8.303999901,6.849066257,4.595119953,0.210186511,10.33097458
22.89999962,1889,88.19999695,3425,28223,5183,6.300000191,96.40000153,26.10000038,53.29999924,33406,10.41649055,8.138856888,7.543802738,4.479607105,0.183644548,10.24789238
23,10761,107,4228,29637,6021,0,98.69999695,31.70000076,49.59999847,35658,10.48172855,8.349484444,9.283683777,4.672828674,0.203158215,10.29677868
23.10000038,1943,95.69999695,4214,30400,6867,8.199999809,70.80000305,18.79999924,36.40000153,37267,10.52586365,8.346167564,7.571988583,4.561218262,0.225888163,10.32219791
23.20000076,1055,86.09999847,3487,29107,6243,4.099999905,86.30000305,24,49.40000153,35350,10.47305393,8.156797409,6.961296082,4.455509186,0.214484483,10.27873421
23.39999962,913,92.69999695,3894,31477,5993,7.099999905,76.19999695,36.79999924,69.80000305,37470,10.53129578,8.267191887,6.816735744,4.529368401,0.190392986,10.35701275
23.60000038,602,104,3610,25688,4105,8,72,11.60000038,41.29999924,29793,10.30202866,8.19146347,6.400257587,4.64439106,0.159802243,10.15377903
23.70000076,917,113.4000015,3975,26670,5450,5.099999905,82.30000305,18.60000038,46.70000076,32120,10.37723446,8.287779808,6.821107388,4.730921268,0.204349458,10.19129467
23.79999924,598,100.3000031,3728,26108,5060,4.5,86.09999847,18.79999924,56.79999924,31168,10.34714699,8.22362709,6.393590927,4.608165741,0.193810329,10.16999722
23.79999924,1102,113.4000015,4140,25537,5513,7.300000191,72.90000153,16.20000076,30,31050,10.34335423,8.328451157,7.004881859,4.730921268,0.215882838,10.14788342
23.89999962,297,124.5999985,3874,20951,5061,5,92,8.300000191,57.29999924,26012,10.16631317,8.262042999,5.693732262,4.825108528,0.241563648,9.949941635
23.89999962,1802,94.30000305,4097,32210,7412,1.899999976,93.80000305,34.09999847,56.29999924,39622,10.58714008,8.31801033,7.496652603,4.546481133,0.230114877,10.38003254
24.10000038,4065,94.30000305,3864,30693,5539,2.900000095,95.90000153,21.79999924,46.59999847,36232,10.49769783,8.259458542,8.31016922,4.546481133,0.180464596,10.33178997
24.20000076,2910,86.40000153,3828,32625,6030,5.400000095,82.09999847,19.70000076,58.59999847,38655,10.56243134,8.250098228,7.975908279,4.458987713,0.184827581,10.39283371
24.20000076,1285,85.59999847,3918,33074,6747,4.699999809,81.5,4.300000191,46.29999924,39821,10.59214973,8.273336411,7.158514023,4.449685097,0.20399709,10.40650272
24.29999924,2031,85.69999695,3438,29765,6074,1.600000024,94.40000153,26.5,44.09999847,35839,10.48679161,8.142644882,7.616283417,4.450852871,0.204065174,10.30108833
24.29999924,6901,100.5999985,4846,34244,6601,6.199999809,77.5,14.30000019,42.79999924,40845,10.61753941,8.485908508,8.839421272,4.611152172,0.192763701,10.44126701
24.5,2347,84,3990,35615,7000,5.199999809,91.19999695,21.10000038,58,42615,10.6599617,8.291546822,7.760893345,4.43081665,0.196546406,10.48052216
24.60000038,1161,88.69999695,3698,29386,5459,3.400000095,87.69999695,35.20000076,47.59999847,34845,10.45866489,8.215547562,7.057036877,4.48526001,0.185768738,10.28827381
24.70000076,1164,102.4000015,4535,30762,8068,14.69999981,51.79999924,23.5,33.29999924,38830,10.56694889,8.41958046,7.059617519,4.6288867,0.262271643,10.33403587
24.70000076,672,131.8999939,5680,31681,6287,1.399999976,127.0999985,8.300000191,33.79999924,37968,10.5444994,8.644706726,6.510258198,4.882043839,0.198447019,10.36347198
24.89999962,1285,83.09999847,3566,32371,5977,9.800000191,65,20.39999962,29.70000076,38348,10.55445766,8.179200172,7.158514023,4.420044899,0.184640571,10.38501835
25,1723,101.9000015,4617,32332,6712,2.299999952,89.40000153,16.29999924,43.20000076,39044,10.57244492,8.4375,7.451822281,4.623991966,0.207596183,10.3838129
25.20000076,930,107.1999969,4102,27654,5531,1.200000048,95.09999847,27.39999962,45.70000076,33185,10.40985298,8.31923008,6.835184574,4.674696445,0.20000723,10.22752571
25.20000076,507,108.6999969,4166,28078,5756,4.699999809,81.80000305,22.20000076,56.09999847,33834,10.42922115,8.334712029,6.228510857,4.688591957,0.205000356,10.24274158
25.20000076,1072,94.80000305,4647,33219,8430,3.5,86,5.800000191,50.79999924,41649,10.63703251,8.443977356,6.97728157,4.551769257,0.253770441,10.41087723
25.70000076,1362,97.80000305,3751,28406,5444,9.199999809,70.80000305,19,41.70000076,33850,10.42969418,8.229777336,7.216709614,4.582924843,0.191649646,10.25435543
25.89999962,914,90.5,4334,36055,7074,2.099999905,90.09999847,19.20000076,40.29999924,43129,10.67195129,8.374246597,6.817830563,4.505349636,0.196200252,10.49280071
25.89999962,6220,82.59999847,4863,44109,8893,6.199999809,76.19999695,15.10000038,75,53002,10.87808514,8.4894104,8.735525131,4.414009571,0.201614186,10.69441891
26.10000038,626,107.5,4551,30050,6777,0.600000024,97.30000305,20.60000038,35.59999847,36827,10.51398659,8.423102379,6.439350605,4.677490711,0.225524127,10.3106184
26.10000038,7252,95.69999695,4579,35200,6729,6.5,70.80000305,22.10000038,42.90000153,41929,10.64373302,8.429235458,8.889032364,4.561218262,0.191164777,10.4688015
26.29999924,747,100.9000015,3666,26186,5082,14.60000038,54.79999924,12.19999981,80,31268,10.35035038,8.206856728,6.616065025,4.61413002,0.19407317,10.17298031
26.29999924,1179,103.5,4534,32610,5502,7.599999905,71.69999695,26.29999924,51.09999847,38112,10.54828453,8.419360161,7.072422028,4.639571667,0.168721244,10.39237404
26.39999962,1610,94.09999847,3939,30651,6082,5.800000191,78.30000305,22.5,49.40000153,36733,10.51143074,8.278681755,7.383989334,4.544358253,0.198427454,10.33042049
26.60000038,2528,90.90000153,4136,34972,5892,7,40.5,30.29999924,46.29999924,40864,10.6180048,8.327484131,7.83518362,4.509759903,0.16847764,10.46230316
26.70000076,2150,91.59999847,3819,31781,5744,13.39999962,58.59999847,23,34.29999924,37525,10.53276253,8.247743607,7.673223019,4.517431259,0.180736914,10.36662388
26.70000076,3505,82,4087,36695,7297,7.900000095,73.80000305,11.89999962,58.09999847,43992,10.69176292,8.315566063,8.161945343,4.406719208,0.19885543,10.510396
26.89999962,2246,101.5,3791,27743,5746,2.400000095,91.59999847,36.59999847,46.5,33489,10.41897202,8.240385056,7.716906071,4.620059013,0.207115307,10.23073864
27,5174,99.40000153,5137,38536,8005,8,73.19999695,24.39999962,38.20000076,46541,10.74808884,8.544224739,8.551401138,4.599152088,0.207727835,10.55934811
27.10000038,1033,105.3000031,4000,27984,5349,1.700000048,95.5,23.60000038,38.5,33333,10.41430283,8.294049263,6.940222263,4.656813622,0.191144943,10.23938847
27.20000076,2580,81.40000153,3745,34252,7423,9.600000381,70.40000153,16.39999962,75,41675,10.63765717,8.228177071,7.855544567,4.399375439,0.216717273,10.44150066
27.20000076,1234,90.30000305,3808,30639,6148,0.5,97.69999695,60.59999847,41.20000076,36787,10.5128994,8.244859695,7.118016243,4.503137589,0.20065929,10.33002853
27.20000076,4630,85.80000305,3839,33562,6222,4.800000191,81.59999847,24,45,39784,10.5912199,8.252966881,8.440312386,4.452019215,0.185388237,10.42115021
27.39999962,1447,96,3515,25726,6010,6.300000191,73.90000153,16,56.40000153,31736,10.36520672,8.164794922,7.277247906,4.564348221,0.233615801,10.15525723
27.39999962,1765,90.69999695,3613,28211,5304,3,76.40000153,27.5,55.59999847,33515,10.41974831,8.192294121,7.475905895,4.507557392,0.188011765,10.24746704
27.39999962,273,108.0999985,4169,27335,5567,7.5,75.30000305,44.40000153,58.90000153,32902,10.40128899,8.335431099,5.609471798,4.683056831,0.203658313,10.21592331
27.5,2375,90.80000305,3574,28192,6440,12,56.29999924,24.70000076,37,34632,10.45253372,8.181440353,7.772752762,4.508659363,0.228433594,10.24679375
27.5,1134,97,4003,28226,6572,6.599999905,77.19999695,15.39999962,53.70000076,34798,10.45731544,8.294799805,7.033506393,4.574710846,0.23283498,10.24799919
27.70000076,1858,85.30000305,3718,30685,5617,2.799999952,90.90000153,23.70000076,60.5,36302,10.49962807,8.220941544,7.527256012,4.446174622,0.183053613,10.33152962
27.70000076,2030,90.09999847,3827,32090,6314,2.799999952,86.69999695,26.29999924,41.29999924,38404,10.55591679,8.249836922,7.615790844,4.500920296,0.19675912,10.37629986
27.70000076,2163,116.1999969,4316,26528,4724,3.099999905,95.80000305,29.10000038,38.20000076,31252,10.34983826,8.370084763,7.679251194,4.75531292,0.178075999,10.185956
27.70000076,1415,96.5,4413,34321,6535,1,91.30000305,25.60000038,47.20000076,40856,10.6178093,8.392310143,7.25488472,4.569542885,0.1904082,10.44351292
27.79999924,1575,90.40000153,4036,33160,6770,6.599999905,77.19999695,21,53.29999924,39930,10.59488297,8.303009033,7.362010479,4.504244328,0.204161644,10.40909958
27.89999962,1440,80.80000305,3763,32462,7004,0.5,97.69999695,37.79999924,53.20000076,39466,10.58319473,8.232972145,7.272398472,4.391976833,0.215759963,10.38782501
27.89999962,2692,95.19999695,4380,33707,7681,3.099999905,88.5,38.20000076,22.10000038,41388,10.63074589,8.384803772,7.898039818,4.555979729,0.227875516,10.42546082
28,2137,116.3000031,5945,37121,8160,6.5,86.90000153,10.10000038,25.20000076,45281,10.72064304,8.69030571,7.667158127,4.756173134,0.219821662,10.52193832
28.10000038,2517,109.3000031,7419,47131,9103,15.30000019,80,15.5,41.5,56234,10.93727684,8.911799431,7.830822945,4.694096565,0.193142518,10.76068592
28.29999924,1047,108.4000015,3808,24994,5040,2.900000095,89.90000153,16.70000076,60.40000153,30034,10.3100853,8.244859695,6.95368433,4.685828209,0.201648399,10.12639141
28.60000038,995,88.69999695,3735,30181,6832,1.200000048,99.59999847,16.39999962,52,37013,10.51902485,8.225502968,6.902742863,4.48526001,0.226367578,10.31496811
28.70000076,888,99.69999695,3745,27857,5835,4.400000095,86.80000305,26.70000076,52.70000076,33692,10.42501545,8.228177071,6.788971901,4.602165699,0.209462613,10.23483944
28.70000076,2009,103.1999969,3991,28857,5318,7.5,78,17.39999962,44.40000153,34175,10.43924999,8.291796684,7.605392456,4.636668682,0.18428804,10.27010822
28.70000076,390,115.4000015,5090,31585,6163,7.800000191,73.30000305,48,22.5,37748,10.53868771,8.535033226,5.966146946,4.748404503,0.195124269,10.36043739
29,1646,90.19999695,3447,27571,5621,3,90,34.09999847,43.59999847,33192,10.41006374,8.145259857,7.406103611,4.502029419,0.203873634,10.22451973
29,10971,91.30000305,3945,31404,6412,4.300000191,75.40000153,19.79999924,37.90000153,37816,10.54048729,8.280203819,9.303010941,4.51415062,0.204177812,10.35469055
29,894,89.5,4026,31690,7146,4,86,34,29.10000038,38836,10.56710339,8.300528526,6.795705795,4.494238853,0.225497007,10.36375618
29.10000038,1084,89.5,3479,28092,6367,6.400000095,77.5,39,60.40000153,34459,10.44752502,8.154500008,6.988413334,4.494238853,0.226648152,10.24324036
29.10000038,1827,93.09999847,3679,29771,6090,0.699999988,97,19.29999924,35,35861,10.48740578,8.210395813,7.510430336,4.53367424,0.204561487,10.30129051
29.20000076,1100,112.4000015,4024,25981,4953,6.5,73.59999847,20.5,41.40000153,30934,10.33961105,8.300031662,7.003065586,4.722064018,0.190639317,10.16512108
29.29999924,3271,96.59999847,3698,28806,5103,10.60000038,63.40000153,14.80000019,62.70000076,33909,10.43143559,8.215547562,8.092850685,4.570578575,0.177150592,10.26833916
29.39999962,1215,84.5,3613,28025,5676,0,100,30.60000038,64.59999847,33701,10.42528248,8.192294121,7.102499485,4.436751366,0.202533454,10.24085236
29.5,984,75.40000153,3651,29861,6860,2.299999952,86.40000153,17.89999962,35.90000153,36721,10.51110363,8.202755928,6.891625881,4.322807312,0.229731083,10.30430889
29.60000038,1204,99.19999695,3813,28023,6010,4.099999905,95,8.5,52.70000076,34033,10.43508625,8.246171951,7.09340477,4.597137928,0.214466691,10.24078083
29.60000038,751,104.0999985,4128,26711,7661,1.600000024,92.69999695,20.60000038,43.29999924,34372,10.44499779,8.325548172,6.621405602,4.645351887,0.286810666,10.19283104
29.79999924,13932,88.19999695,4236,35866,7831,2.299999952,91.19999695,18.79999924,48.59999847,43697,10.68503475,8.351374626,9.54194355,4.479607105,0.218340486,10.48754501
29.79999924,5497,110.4000015,5179,34502,7209,6.5,76.80000305,27.89999962,29.70000076,41711,10.63852024,8.55236721,8.61195755,4.704110146,0.20894441,10.44877243
29.79999924,2928,86.5,5416,45755,10748,2.299999952,92.09999847,18.20000076,41.20000076,56503,10.94204903,8.597112656,7.982074738,4.46014452,0.234903291,10.73105621
29.89999962,2606,97.19999695,3686,28609,5397,8,71.30000305,24.60000038,76.90000153,34006,10.43429184,8.21229744,7.865571976,4.576770782,0.188646927,10.26147652
30.39999962,1480,108.6999969,4082,26778,5647,16.39999962,43.59999847,22.39999962,76.19999695,32425,10.38668537,8.314342499,7.299797535,4.688591957,0.210882068,10.19533634
30.60000038,1969,101.4000015,3710,27710,5137,14.5,54.09999847,30.29999924,62.5,32847,10.39961529,8.218787193,7.585280895,4.619072914,0.185384333,10.22954845
30.70000076,2689,101,4702,33897,6432,5,82.19999695,31.20000076,61.40000153,40329,10.60482597,8.455742836,7.896924496,4.615120411,0.189751312,10.43108177
30.79999924,3005,100.1999969,4130,29947,6890,2.700000048,87.90000153,25.39999962,49.70000076,36837,10.51425838,8.326032639,8.008032799,4.607168198,0.230073124,10.30718422
30.89999962,5945,94.30000305,3765,29419,6313,6.900000095,70.5,20,59.09999847,35732,10.48380184,8.233503342,8.69030571,4.546481133,0.214589208,10.28939629
31,538,101.5999985,3724,25097,5641,1.799999952,89.69999695,32.29999924,37,30738,10.33325481,8.222553253,6.287858486,4.621043682,0.224767894,10.13050365
31.10000038,739,95.09999847,3921,27678,5549,4.699999809,82.19999695,20,71.69999695,33227,10.41111851,8.274102211,6.605298042,4.55492878,0.200484142,10.22839355
31.10000038,1736,103.5999985,4450,31501,6170,7.5,45.70000076,21.20000076,53.59999847,37671,10.53664589,8.400659561,7.459338665,4.640537262,0.195866793,10.35777473
31.10000038,450,111.5,5615,36691,7563,3.5,86,36.70000076,52.90000153,44254,10.69770145,8.633196831,6.109247684,4.714024544,0.206126839,10.51028633
31.20000076,1144,87.59999847,3979,32736,6185,5.599999905,78.30000305,27.79999924,41.70000076,38921,10.56928921,8.288785934,7.042286396,4.472781181,0.188935727,10.3962307
31.29999924,1514,109,3954,24554,6198,0.300000012,98.90000153,20.60000038,48.29999924,30752,10.33371067,8.282483101,7.322510242,4.691348076,0.252423227,10.10863018
31.29999924,382,100.5999985,4421,31455,5720,0,100,32.29999924,67.69999695,37175,10.52339172,8.39412117,5.945420742,4.611152172,0.181847081,10.35631371
31.39999962,570,109.0999985,3956,25987,5323,4.400000095,79.59999847,31.29999924,42.09999847,31310,10.35169315,8.282988548,6.345636368,4.692265034,0.20483318,10.16535187
31.5,533,120.0999985,5403,31845,7057,6,77.59999847,45.5,41.70000076,38902,10.56880093,8.594709396,6.278521538,4.788324833,0.221604645,10.36863613
31.70000076,1991,97.69999695,4222,32392,6240,4.699999809,82.19999695,22.10000038,35.40000153,38632,10.56183624,8.348064423,7.596392155,4.58190155,0.192640156,10.38566685
32.09999847,1980,96.90000153,3676,28072,6196,5.5,81.09999847,22.39999962,38.40000153,34268,10.44196701,8.209580421,7.590852261,4.573679447,0.22071816,10.24252796
32.20000076,1615,98.5,3743,27091,5295,1.100000024,95.80000305,31,50.59999847,32386,10.38548183,8.227643013,7.387090206,4.590056419,0.195452362,10.20695686
32.20000076,2475,92.19999695,3814,28535,7562,3.900000095,85.30000305,27.89999962,57.70000076,36097,10.49396515,8.246434212,7.813995838,4.523960114,0.265007883,10.25888634
32.29999924,2074,100.4000015,3905,28458,5306,1.799999952,93.69999695,32.90000153,41.90000153,33764,10.42715073,8.270012856,7.637234211,4.609162331,0.186450213,10.25618458
32.29999924,2482,101.9000015,4085,29304,6312,0.600000024,96.40000153,17.89999962,45.5,35616,10.48054981,8.315076828,7.816820145,4.623991966,0.215397209,10.28547955
32.29999924,491,112.8000031,4643,29865,6678,3.5,86.30000305,36.70000076,33.5,36543,10.50624466,8.443116188,6.196444035,4.725616455,0.223606229,10.30444241
32.29999924,13608,111.8000031,5869,38848,6310,6.699999809,75.80000305,22.10000038,42.5,45158,10.71792316,8.67743969,9.518413544,4.716711521,0.162427917,10.56741142
32.40000153,5045,87.30000305,4436,36785,7510,7.699999809,66.5,26.20000076,52,44295,10.69862747,8.397508621,8.526152611,4.469350338,0.204159304,10.51284504
32.5,1067,102.8000031,3538,24739,4848,4.099999905,86.40000153,17.5,39.29999924,29587,10.29509068,8.171317101,6.972606182,4.63278532,0.195965886,10.11613655
32.5,3839,84.90000153,3695,31917,6668,6.300000191,76.09999847,27.10000038,27.60000038,38585,10.56061935,8.214735985,8.252966881,4.441473961,0.208916873,10.37089443
32.59999847,471,125.4000015,4201,24768,4374,4,84.69999695,11.60000038,40.90000153,29142,10.27993584,8.34307766,6.154858112,4.831508636,0.176598832,10.11730766
32.90000153,1119,99.40000153,3507,24907,6549,2.299999952,83.80000305,24.10000038,37.20000076,31456,10.35634518,8.162516594,7.020190716,4.599152088,0.262938142,10.12290382
32.90000153,5466,127,6641,37728,6366,6.5,77,29.29999924,55.40000153,44094,10.6940794,8.801017761,8.606302261,4.84418726,0.168734103,10.53815746
33,1222,89,3833,31408,5680,3.700000048,83.59999847,25.60000038,41.90000153,37088,10.52104855,8.251402855,7.108243942,4.488636494,0.180845648,10.35481834
33.20000076,578,88.90000153,4260,34342,6741,3.5,91.59999847,26.20000076,66,41083,10.62335014,8.357024193,6.359573841,4.487512112,0.196290255,10.44412422
33.20000076,753,107.4000015,5123,33396,8237,3,88.59999847,17.20000076,48.59999847,41633,10.63664818,8.541495323,6.624065399,4.676560402,0.2466463,10.4161911
33.40000153,1643,103.1999969,4246,29831,5755,6.699999809,76.09999847,18.39999962,36.40000153,35586,10.47970772,8.353733063,7.404279232,4.636668682,0.192920119,10.30330372
33.59999847,2506,89.80000305,3569,30196,6386,2.799999952,87.80000305,27.10000038,70,36582,10.50731182,8.180040359,7.826443195,4.49758482,0.211484969,10.31546497
33.59999847,271,166.6000061,6577,27490,6355,2,92.59999847,25.79999924,46.5,33845,10.42954636,8.791334152,5.602118969,5.115595818,0.231174976,10.22157764
33.79999924,2171,87.59999847,3396,28998,5010,5.199999809,77.59999847,16.20000076,41.20000076,34008,10.43435097,8.130353928,7.682943344,4.472781181,0.17277053,10.27498245
33.90000153,729,99,4452,31793,7201,0,98.40000153,10.30000019,40.70000076,38994,10.57116318,8.401108742,6.591673851,4.595119953,0.226496398,10.36700153
34,2311,104.9000015,3605,20394,9177,6.5,74.19999695,13.80000019,53.79999924,29571,10.29454899,8.190076828,7.745435715,4.653007507,0.449985296,9.922995567
34,883,94.80000305,3697,27371,6827,0.400000006,97.90000153,29.5,53.70000076,34198,10.43992233,8.215276718,6.783325195,4.551769257,0.249424577,10.21723938
34.09999847,621,94.90000153,3786,29217,6661,2,89.90000153,29.79999924,33.29999924,35878,10.48787975,8.23906517,6.431331158,4.552823544,0.227983713,10.28250599
34.09999847,424,117.3000031,4181,26582,4871,2.299999952,93,12.19999981,37.79999924,31453,10.35624981,8.338305473,6.049733639,4.764734745,0.183244303,10.18798923
34.20000076,1470,87.09999847,3621,29769,6641,2.099999905,91.30000305,9.800000191,54.40000153,36410,10.50259876,8.194505692,7.293017864,4.467056751,0.22308442,10.3012228
34.29999924,991,107.5,4109,28046,5819,11.60000038,64.40000153,9.800000191,36,33865,10.43013763,8.320935249,6.898714542,4.677490711,0.207480565,10.24160099
34.29999924,12605,105.5,5259,36427,8096,10.89999962,62.90000153,9.399999619,48,44523,10.7037611,8.567696571,9.441848755,4.658710957,0.222252727,10.50306511
34.5,4572,108,4552,30751,6887,5.300000191,86.59999847,18.70000076,48.40000153,37638,10.53576946,8.423321724,8.427705765,4.68213129,0.223960191,10.33367825
34.59999847,575,113.9000015,3751,22242,6284,2.200000048,91.80000305,15.39999962,52.5,28526,10.25857162,8.229777336,6.354370117,4.735321045,0.282528549,10.00973797
34.79999924,1173,116.6999969,3817,24134,5171,5.300000191,82.5,20.70000076,51.5,29305,10.28551388,8.247220039,7.06731987,4.759606361,0.214262038,10.09137726
35,1337,97.30000305,3996,29100,5908,2.099999905,91,44.79999924,41.20000076,35008,10.46333218,8.293048859,7.198183537,4.577798843,0.20302406,10.27849388
35.09999847,519,93.19999695,3943,34167,0,0,100,14.30000019,36.70000076,34167,10.43901539,8.279697418,6.251904011,4.534747601,0,10.43901539
35.40000153,3334,119.1999969,5872,35022,8116,5,82.59999847,5.199999809,60,43138,10.67215919,8.677950859,8.111927986,4.780802727,0.231740043,10.46373177
35.40000153,226,162.8000031,6444,26653,8191,0,100,66.69999695,64.90000153,34844,10.45863628,8.770904541,5.420535088,5.092522621,0.307319999,10.19065666
35.5,1647,110.8000031,3903,25636,5245,1.700000048,97.19999695,21.10000038,31.60000038,30881,10.33789635,8.269500732,7.406710625,4.707726955,0.204595104,10.15175247
35.59999847,747,85.80000305,3568,30047,6299,0,97,26.10000038,54.79999924,36346,10.50083923,8.179760933,6.616065025,4.452019215,0.209638238,10.31051826
35.59999847,1698,91.09999847,3664,29148,6267,3.200000048,92.19999695,23.70000076,47.40000153,35415,10.47489071,8.206310272,7.437206268,4.511957645,0.215006173,10.28014183
35.79999924,757,110.4000015,3689,23969,4960,6,82.80000305,11.89999962,85.69999695,28929,10.27260017,8.213110924,6.62936306,4.704110146,0.20693396,10.08451653
35.90000153,282,131.1999969,6563,35689,6112,4.5,84.40000153,38.90000153,48.59999847,41801,10.64067554,8.78920269,5.641907215,4.876722813,0.171257257,10.48259735
36.20000076,1419,107,4054,27629,5509,0.600000024,97.5,15,31.70000076,33138,10.40843582,8.307458878,7.257707596,4.672828674,0.199391946,10.22662163
36.29999924,2480,108.5,4414,28631,5458,3.299999952,110.3000031,8.5,28.5,34089,10.43673038,8.392536163,7.816013813,4.686749935,0.190632537,10.26224518
37.29999924,2839,96.80000305,3422,24709,4979,8,72.09999847,27.5,56.5,29688,10.29849815,8.137980461,7.951207161,4.572647095,0.201505527,10.11492252
37.29999924,398,104.3000031,3559,25023,5248,2.900000095,101.8000031,38.5,45,30271,10.31794548,8.17723465,5.986452103,4.647271156,0.209727049,10.12755108
37.59999847,507,96.40000153,4092,30203,8628,1.700000048,95.09999847,22.60000038,44.09999847,38831,10.56697464,8.316788673,6.228510857,4.568506241,0.285666972,10.31569672
37.70000076,2491,93.5,3779,35782,313,3.700000048,85.80000305,12.39999962,34.90000153,36095,10.49390984,8.237215042,7.820439339,4.537961483,0.008747415,10.48519993
37.90000153,8187,99.90000153,4511,30755,5501,4.199999809,85.59999847,18.10000038,31.29999924,36256,10.49836063,8.414274216,9.010302544,4.604169846,0.178865224,10.33380795
38,332,98.30000305,3739,27420,6404,6.099999905,75.09999847,38.90000153,73.69999695,33824,10.42892551,8.226573944,5.805134773,4.588024139,0.233552158,10.21902752
38,541,106.6999969,4005,25649,6151,1.899999976,95.09999847,12.10000038,29.29999924,31800,10.36722183,8.295298576,6.293419361,4.670021057,0.239814416,10.15225983
38.09999847,9105,99.69999695,4757,31837,6530,4.300000191,81.59999847,21.39999962,19,38367,10.55495262,8.467372894,9.116579056,4.602165699,0.205107272,10.36838436
38.09999847,624,125,4970,31289,4573,11.80000019,58.70000076,18.89999962,44,35862,10.48743343,8.511175156,6.436150551,4.828313828,0.146153599,10.35102177
38.29999924,2011,90.69999695,3912,30081,6134,1.299999952,95.19999695,20.5,41,36215,10.49722862,8.271803856,7.606387615,4.507557392,0.203916088,10.31164932
38.59999847,1199,103.8000031,3947,28278,5841,9.899999619,66.5,33.29999924,18.20000076,34119,10.43760967,8.280711174,7.089242935,4.642466068,0.206556335,10.24983978
38.59999847,507,118.3000031,4327,24850,4818,5.400000095,81.5,10.30000019,49,29668,10.29782391,8.372630119,6.228510857,4.773223877,0.1938833,10.1206131
38.70000076,434,122.6999969,4327,23039,6908,2.900000095,89.69999695,10.5,33.29999924,29947,10.30718422,8.372630119,6.0730443,4.809742451,0.299839407,10.04494381
38.79999924,1874,110.3000031,3685,24270,4479,0,94.80000305,15.30000019,45,28749,10.26635838,8.212025642,7.535830498,4.703204155,0.184548825,10.09699631
39,3349,90.90000153,3700,30093,5728,14.60000038,51.29999924,15.30000019,55.59999847,35821,10.48628998,8.216088295,8.116416931,4.509759903,0.190343276,10.31204796
39,340,140.1999969,4763,23414,4898,0,100,13.80000019,42.09999847,28312,10.25104141,8.468632698,5.828945637,4.943069935,0.209191084,10.06108952
39.20000076,799,98.30000305,3873,27418,5210,3.700000048,85.5,27.79999924,48.59999847,32628,10.39292622,8.261784554,6.683361053,4.588024139,0.190021157,10.21895504
39.20000076,1100,99.69999695,4809,34361,8532,10.60000038,64.69999695,28.79999924,70,42893,10.66646385,8.478244781,7.003065586,4.602165699,0.248304769,10.44467735
39.29999924,2901,94.09999847,3697,29570,5843,5,81.80000305,18.79999924,34.5,35413,10.47483444,8.215276718,7.972810745,4.544358253,0.197598919,10.29451561
39.40000153,2115,106.1999969,5602,38323,8338,5.300000191,79.80000305,19.29999924,41.70000076,46661,10.75066376,8.630879402,7.656810284,4.665324211,0.217571691,10.55380535
39.59999847,2135,88.69999695,3825,29940,5886,14,53.79999924,17.70000076,55.09999847,35826,10.48642921,8.249313354,7.666222095,4.48526001,0.19659318,10.30695057
40,2060,97.69999695,3700,27904,6598,0,99.30000305,22.5,44,34502,10.44877243,8.216088295,7.630461216,4.58190155,0.236453548,10.23652554
40.29999924,3762,82.80000305,4261,37806,8776,3,76.19999695,24.79999924,33.29999924,46582,10.74896908,8.357258797,8.23270607,4.416428089,0.232132465,10.54022312
40.5,1887,143.6000061,5625,27932,5430,8,66.30000305,17.70000076,44.70000076,33362,10.41517258,8.634976387,7.542743683,4.967031479,0.194400683,10.23752785
40.59999847,1492,91.5,3548,27586,5794,0.899999976,96.30000305,12.89999962,45.5,33380,10.41571236,8.174139023,7.307872772,4.516338825,0.210034072,10.22506332
40.59999847,1828,91.90000153,4018,27712,6115,20,43.59999847,25,51.40000153,33827,10.42901421,8.298539162,7.510977745,4.520700932,0.220662534,10.22962093
40.59999847,668,121.3000031,4075,27568,1644,0,100,12.5,30.79999924,29212,10.28233528,8.312625885,6.504288197,4.798266888,0.059634358,10.22441101
40.70000076,878,97.5,4447,32056,8288,4.800000191,85.5,16.29999924,57.90000153,40344,10.60519791,8.399985313,6.777646542,4.579852581,0.258547544,10.37523937
40.79999924,481,121.3000031,4520,25817,6724,3.599999905,85.5,22.20000076,53.59999847,32541,10.39025593,8.416267395,6.175867081,4.798266888,0.260448545,10.15878868
41.09999847,333,80,3415,29705,7434,4.699999809,81.09999847,25.89999962,65.30000305,37139,10.52242279,8.135932922,5.808142662,4.382026672,0.25026089,10.29907036
41.70000076,1204,117.6999969,4622,29090,6170,11.30000019,64.59999847,11.80000019,34.70000076,35260,10.47050476,8.43858242,7.09340477,4.768138885,0.212100372,10.2781496
42.29999924,1604,103.1999969,3784,25860,5124,10.5,57.5,17.39999962,32.79999924,30984,10.34122658,8.238536835,7.380255699,4.636668682,0.198143855,10.16045284
42.29999924,1174,100.1999969,3933,28810,6534,4,90.80000305,20.29999924,44.40000153,35344,10.47288418,8.277157784,7.068171978,4.607168198,0.226796255,10.26847744
42.29999924,1244,106.0999985,4019,27218,7133,5.699999809,80.19999695,14.30000019,50,34351,10.44438648,8.298788071,7.126087189,4.664381981,0.262069225,10.21163368
42.40000153,1789,112.6999969,4377,27624,5998,4,84.69999695,15.60000038,46.70000076,33622,10.42293549,8.384119034,7.489412308,4.724729538,0.217130035,10.22644043
42.70000076,212,120.3000031,3824,21674,5179,0,100,18.79999924,34.09999847,26853,10.19813251,8.249052048,5.356586456,4.789988518,0.238949895,9.983868599
42.90000153,385,118.1999969,4376,25247,7028,3.700000048,88.59999847,17.39999962,62.70000076,32275,10.38204861,8.383890152,5.953243256,4.772377968,0.278369695,10.13646221
43.59999847,2139,89.69999695,4220,31949,9151,0.699999988,115.6999969,16.29999924,39.5,41100,10.62376308,8.347590446,7.668093681,4.496470928,0.286425233,10.37189579
43.90000153,12105,111.6999969,5288,34195,7350,8.600000381,68.69999695,21.89999962,53.59999847,41545,10.63453293,8.573195457,9.401373863,4.715816498,0.214943707,10.43983459
44.09999847,524,99.19999695,4143,28138,4668,2.099999905,83.09999847,15.39999962,35.70000076,32806,10.39836693,8.329174995,6.261491776,4.597137928,0.165896654,10.24487591
44.09999847,2005,99,4196,29648,7385,7.900000095,71.59999847,15,47.09999847,37033,10.51956463,8.34188652,7.603399277,4.595119953,0.249089316,10.29714966
44.40000153,336,101.5,3706,26444,5007,18.39999962,44.40000153,21.70000076,47.79999924,31451,10.35618591,8.217708588,5.817111015,4.620059013,0.189343512,10.18278503
44.90000153,546,109.9000015,5229,31384,9524,10.5,63.40000153,14.60000038,56.40000153,40908,10.61908054,8.561975479,6.30261898,4.699570656,0.303466737,10.3540535
45,1813,65.90000153,3824,42255,9704,0.5,98.09999847,44.20000076,46.70000076,51959,10.85821056,8.249052048,7.502737999,4.188138485,0.229653299,10.65147781
45.09999847,412,112.5999985,4042,27486,4734,2.900000095,88.40000153,15.39999962,42.40000153,32220,10.38034248,8.304494858,6.021023273,4.723841667,0.172233135,10.22143173
45.09999847,1330,108.5999985,4337,25924,8442,4.400000095,85.5,17,36.5,34366,10.44482327,8.374938011,7.192934036,4.687671185,0.325644195,10.16292477
45.09999847,6931,98.69999695,4762,36566,5461,4.199999809,83.5,16,45.5,42027,10.64606762,8.46842289,8.843759537,4.592084885,0.149346381,10.50687408
45.20000076,4254,108.6999969,4759,32155,7390,3.099999905,88.5,7.300000191,71.80000305,39545,10.58519459,8.467792511,8.355614662,4.688591957,0.22982429,10.37832355
45.40000153,1686,86.59999847,3520,29629,6608,4.300000191,83.80000305,37.09999847,25,36237,10.49783611,8.166215897,7.430114269,4.461299896,0.223024741,10.29650879
45.70000076,394,115.8000031,4048,23700,5344,1.299999952,94.80000305,26.79999924,31.70000076,29044,10.27656746,8.305977821,5.976350784,4.751864433,0.225485235,10.07323074
46,761,113,4594,25083,5193,8.600000381,70.09999847,6.099999905,42.90000153,30276,10.31811047,8.432506561,6.634633541,4.727387905,0.207032651,10.12994576
46.20000076,358,120.9000015,4814,27930,6327,4.599999905,78.5,22.89999962,9.600000381,34257,10.44164658,8.479283333,5.880533218,4.794963837,0.226530612,10.23745632
46.70000076,2210,96.80000305,5717,42575,8109,5.199999809,74.90000153,14,44.40000153,50684,10.83336544,8.651199341,7.700747967,4.572647095,0.190463886,10.65902233
47.90000153,13454,129,5532,30501,7879,11.80000019,56.90000153,6.599999905,37.29999924,38380,10.55529213,8.618304253,9.507031441,4.85981226,0.258319408,10.32551479
48.29999924,1656,110.0999985,3859,25964,5244,8.600000381,70.5,8.199999809,44.59999847,31208,10.34842968,8.258163452,7.412160397,4.701388836,0.201971963,10.1644659
48.29999924,1448,112.9000015,3933,25529,5537,3.200000048,87.69999695,18.10000038,46.70000076,31066,10.34386921,8.277157784,7.277938366,4.726502419,0.216890588,10.14757061
48.40000153,759,106.6999969,3867,25711,5275,10.39999962,66.30000305,23.20000076,45.70000076,30986,10.34129047,8.260233879,6.632001877,4.670021057,0.205165103,10.15467453
48.40000153,590,111.8000031,3888,25482,5046,1.299999952,92.5,23.5,46.40000153,30528,10.3263998,8.265649796,6.380122662,4.716711521,0.198022127,10.14572716
48.5,303,108.9000015,3677,24058,5252,0,100,33.29999924,41.40000153,29310,10.28568363,8.209852219,5.713732719,4.690430164,0.218305767,10.0882225
49.20000076,488,89.90000153,3614,29290,7102,0.800000012,96.59999847,30.60000038,62.5,36392,10.50210381,8.192570686,6.190315247,4.498697758,0.242471829,10.28500175
49.70000076,626,110.1999969,4074,26480,5831,2.099999905,94,20,28.60000038,32311,10.38316345,8.312380791,6.439350605,4.702296734,0.220203921,10.18414497
49.90000153,852,123.3000031,3551,20524,4959,9.300000191,67.80000305,4.400000095,44.90000153,25483,10.14576721,8.174984932,6.747586727,4.814620495,0.241619572,9.929349899
51,1266,90.59999847,3738,30007,6500,13.19999981,59.29999924,16.89999962,44.29999924,36507,10.50525951,8.226305962,7.14361763,4.506453991,0.216616124,10.30918598
51.20000076,1964,78.69999695,3970,34849,7085,8.5,65.19999695,14.5,27.79999924,41934,10.64385223,8.286520958,7.5827384,4.365643024,0.203305691,10.45877934
51.20000076,9166,101.8000031,4980,35414,7175,6.199999809,76.5,11.19999981,50.29999924,42589,10.65935135,8.513185501,9.123256683,4.623010159,0.202603489,10.4748621
51.59999847,14733,107.3000031,4971,35024,6276,2.599999905,76.5,10.19999981,55.09999847,41300,10.62861824,8.511376381,9.597845078,4.675628662,0.179191411,10.46378899
51.70000076,865,103.5,3810,26470,4947,9.699999809,66.09999847,15.19999981,63,31417,10.35510445,8.245384216,6.762729645,4.639571667,0.186890826,10.18376732
52.29999924,1668,104.9000015,3725,25984,5393,18.89999962,42.20000076,16,62.5,31377,10.35383034,8.222822189,7.419380665,4.653007507,0.207550794,10.16523647
52.90000153,688,109.6999969,3628,23437,5607,4.800000191,82.09999847,30,46.5,29044,10.27656746,8.196436882,6.533788681,4.697749138,0.2392371,10.06207085
54,702,131.3999939,6057,34291,7245,18,44,15.5,39.09999847,41536,10.63431549,8.70897007,6.55393362,4.878245831,0.211279929,10.4426384
54.29999924,2171,92.30000305,3683,28518,7027,11.10000038,65.59999847,4.900000095,26,35545,10.47855473,8.211483002,7.682943344,4.525043964,0.24640578,10.25829029
55.20000076,2264,118.6999969,4657,29398,5758,7.199999809,72.5,20.29999924,44.40000153,35156,10.46755028,8.446126938,7.724888325,4.776599407,0.195863664,10.28868198
55.90000153,820,86.90000153,3750,28349,6760,9.800000191,66.5,1.899999976,9.300000191,35109,10.46621323,8.229511261,6.709304333,4.464757919,0.238456383,10.25234699
56.79999924,1658,126.4000015,5661,32825,5942,31.89999962,65,5.800000191,71.40000153,38767,10.56532478,8.641355515,7.413367271,4.839451313,0.181020558,10.39894581
59.90000153,363,134.8000031,3818,19764,4734,16.5,53.40000153,5.900000095,26.5,24498,10.10634708,8.2474823,5.894402981,4.903792381,0.239526406,9.891617775
60.90000153,1689,78.40000153,5380,41856,9468,35.79999924,23.5,7,11.19999981,51324,10.84591389,8.590443611,7.431891918,4.361824036,0.226204127,10.64199066
61.09999847,2631,100.6999969,5088,35020,7655,17.5,61.09999847,8.100000381,22.70000076,42675,10.66136837,8.534640312,7.875119209,4.612145901,0.21858938,10.46367455
73.80000305,4024,85.19999695,3942,32678,6220,8.699999809,83.30000305,11.5,26.79999924,38898,10.56869793,8.279443741,8.300031662,4.445001602,0.190342128,10.39445782
74.40000153,850,122.4000015,5029,29210,6513,1.600000024,91.90000153,9.5,9.699999809,35723,10.48355007,8.522976875,6.745236397,4.807294369,0.222971588,10.28226662
79.5,7585,93.30000305,4529,33645,7682,22,40.59999847,2.700000048,7.199999809,41327,10.62927151,8.41825676,8.933927536,4.535820007,0.228325158,10.42361927
